{"cameraMode":{"drawMode":0,"name":"Shaded","section":"Shading Mode"},"sceneLighting":false,"audioPlay":false,"sceneViewState":{"showFog":false,"showMaterialUpdate":true,"showSkybox":false,"showFlares":true,"showImageEffects":true,"showParticleSystems":true},"in2DMode":false,"pivot":{"x":-1.8441345691680909,"y":2.020566701889038,"z":2.206406593322754},"rotation":{"x":0.13786503672599793,"y":0.8460283875465393,"z":-0.44240397214889529,"w":0.2636783719062805},"size":0.9514793753623962,"orthographic":false}