{"cameraMode":{"drawMode":0,"name":"Shaded","section":"Shading Mode"},"sceneLighting":false,"audioPlay":false,"sceneViewState":{"showFog":false,"showMaterialUpdate":true,"showSkybox":false,"showFlares":true,"showImageEffects":true,"showParticleSystems":true},"in2DMode":false,"pivot":{"x":0.04418918490409851,"y":0.9967048168182373,"z":-5.960464477539063e-8},"rotation":{"x":-0.19838032126426698,"y":0.774601936340332,"z":-0.29315564036369326,"w":-0.5241293907165527},"size":2.7148501873016359,"orthographic":false}