{"cameraMode":{"drawMode":0,"name":"Shaded","section":"Shading Mode"},"sceneLighting":true,"audioPlay":false,"sceneViewState":{"showFog":false,"showMaterialUpdate":true,"showSkybox":true,"showFlares":true,"showImageEffects":true,"showParticleSystems":true},"in2DMode":false,"pivot":{"x":200.57667541503907,"y":-186.01409912109376,"z":333.2259521484375},"rotation":{"x":0.4986151456832886,"y":-0.1295665204524994,"z":0.07567344605922699,"w":0.8537412881851196},"size":183.20602416992188,"orthographic":false}