{"cameraMode":{"drawMode":0,"name":"Shaded","section":"Shading Mode"},"sceneLighting":false,"audioPlay":false,"sceneViewState":{"showFog":false,"showMaterialUpdate":true,"showSkybox":false,"showFlares":true,"showImageEffects":true,"showParticleSystems":true},"in2DMode":false,"pivot":{"x":-0.16941523551940919,"y":2.5267913341522219,"z":0.2273491621017456},"rotation":{"x":-0.19838032126426698,"y":0.774601936340332,"z":-0.29315564036369326,"w":-0.5241293907165527},"size":3.5392637252807619,"orthographic":false}