{"cameraMode":{"drawMode":0,"name":"Shaded","section":"Shading Mode"},"sceneLighting":false,"audioPlay":false,"sceneViewState":{"showFog":false,"showMaterialUpdate":true,"showSkybox":false,"showFlares":true,"showImageEffects":true,"showParticleSystems":true},"in2DMode":false,"pivot":{"x":-0.0026062726974487306,"y":-0.00294417142868042,"z":0.0008820295333862305},"rotation":{"x":0.24979841709136964,"y":-0.7458267211914063,"z":0.3874320685863495,"w":0.4808785021305084},"size":0.849720299243927,"orthographic":false}